# usd sofr swaption vol cube, single business day
# date: 2026-07-28
# source: bloomberg vcub (otm swaptions/sabr tab, absolute normal vol) + irsb sofr curve, mid
# convention: normal (bachelier) vol. implied_vol is in decimal rate units, so 0.008922 = 89.22bp
# strike and atm_forward are decimal rates. 91 smiles x 9 strikes = 819 quotes
expiry,tenor,strike,implied_vol,atm_forward,date,vol_model
1Mo,1Yr,0.022245,0.017639,0.042245,2026-07-28,normal
1Mo,1Yr,0.032245,0.012675,0.042245,2026-07-28,normal
1Mo,1Yr,0.037245,0.010201,0.042245,2026-07-28,normal
1Mo,1Yr,0.039745,0.009242,0.042245,2026-07-28,normal
1Mo,1Yr,0.042245,0.008922,0.042245,2026-07-28,normal
1Mo,1Yr,0.044745,0.009508,0.042245,2026-07-28,normal
1Mo,1Yr,0.047245,0.010667,0.042245,2026-07-28,normal
1Mo,1Yr,0.052245,0.013465,0.042245,2026-07-28,normal
1Mo,1Yr,0.062245,0.019110,0.042245,2026-07-28,normal
1Mo,2Yr,0.022172,0.018283,0.042172,2026-07-28,normal
1Mo,2Yr,0.032172,0.013299,0.042172,2026-07-28,normal
1Mo,2Yr,0.037172,0.010865,0.042172,2026-07-28,normal
1Mo,2Yr,0.039672,0.009952,0.042172,2026-07-28,normal
1Mo,2Yr,0.042172,0.009660,0.042172,2026-07-28,normal
1Mo,2Yr,0.044672,0.010214,0.042172,2026-07-28,normal
1Mo,2Yr,0.047172,0.011332,0.042172,2026-07-28,normal
1Mo,2Yr,0.052172,0.014105,0.042172,2026-07-28,normal
1Mo,2Yr,0.062172,0.019795,0.042172,2026-07-28,normal
1Mo,5Yr,0.021631,0.017017,0.041631,2026-07-28,normal
1Mo,5Yr,0.031631,0.012141,0.041631,2026-07-28,normal
1Mo,5Yr,0.036631,0.009732,0.041631,2026-07-28,normal
1Mo,5Yr,0.039131,0.008841,0.041631,2026-07-28,normal
1Mo,5Yr,0.041631,0.008655,0.041631,2026-07-28,normal
1Mo,5Yr,0.044131,0.009392,0.041631,2026-07-28,normal
1Mo,5Yr,0.046631,0.010649,0.041631,2026-07-28,normal
1Mo,5Yr,0.051631,0.013542,0.041631,2026-07-28,normal
1Mo,5Yr,0.061631,0.019275,0.041631,2026-07-28,normal
1Mo,10Yr,0.022653,0.015570,0.042653,2026-07-28,normal
1Mo,10Yr,0.032653,0.010774,0.042653,2026-07-28,normal
1Mo,10Yr,0.037653,0.008299,0.042653,2026-07-28,normal
1Mo,10Yr,0.040153,0.007299,0.042653,2026-07-28,normal
1Mo,10Yr,0.042653,0.007056,0.042653,2026-07-28,normal
1Mo,10Yr,0.045153,0.007898,0.042653,2026-07-28,normal
1Mo,10Yr,0.047653,0.009244,0.042653,2026-07-28,normal
1Mo,10Yr,0.052653,0.012166,0.042653,2026-07-28,normal
1Mo,10Yr,0.062653,0.017765,0.042653,2026-07-28,normal
1Mo,15Yr,0.023845,0.015294,0.043845,2026-07-28,normal
1Mo,15Yr,0.033845,0.010506,0.043845,2026-07-28,normal
1Mo,15Yr,0.038845,0.008005,0.043845,2026-07-28,normal
1Mo,15Yr,0.041345,0.006961,0.043845,2026-07-28,normal
1Mo,15Yr,0.043845,0.006667,0.043845,2026-07-28,normal
1Mo,15Yr,0.046345,0.007510,0.043845,2026-07-28,normal
1Mo,15Yr,0.048845,0.008862,0.043845,2026-07-28,normal
1Mo,15Yr,0.053845,0.011768,0.043845,2026-07-28,normal
1Mo,15Yr,0.063845,0.017305,0.043845,2026-07-28,normal
1Mo,20Yr,0.024386,0.014881,0.044386,2026-07-28,normal
1Mo,20Yr,0.034386,0.010139,0.044386,2026-07-28,normal
1Mo,20Yr,0.039386,0.007643,0.044386,2026-07-28,normal
1Mo,20Yr,0.041886,0.006585,0.044386,2026-07-28,normal
1Mo,20Yr,0.044386,0.006297,0.044386,2026-07-28,normal
1Mo,20Yr,0.046886,0.007191,0.044386,2026-07-28,normal
1Mo,20Yr,0.049386,0.008572,0.044386,2026-07-28,normal
1Mo,20Yr,0.054386,0.011486,0.044386,2026-07-28,normal
1Mo,20Yr,0.064386,0.016991,0.044386,2026-07-28,normal
1Mo,30Yr,0.024211,0.013347,0.044211,2026-07-28,normal
1Mo,30Yr,0.034211,0.009124,0.044211,2026-07-28,normal
1Mo,30Yr,0.039211,0.006932,0.044211,2026-07-28,normal
1Mo,30Yr,0.041711,0.006047,0.044211,2026-07-28,normal
1Mo,30Yr,0.044211,0.005896,0.044211,2026-07-28,normal
1Mo,30Yr,0.046711,0.006759,0.044211,2026-07-28,normal
1Mo,30Yr,0.049211,0.008024,0.044211,2026-07-28,normal
1Mo,30Yr,0.054211,0.010679,0.044211,2026-07-28,normal
1Mo,30Yr,0.064211,0.015698,0.044211,2026-07-28,normal
3Mo,1Yr,0.022721,0.016474,0.042721,2026-07-28,normal
3Mo,1Yr,0.032721,0.012248,0.042721,2026-07-28,normal
3Mo,1Yr,0.037721,0.010243,0.042721,2026-07-28,normal
3Mo,1Yr,0.040221,0.009515,0.042721,2026-07-28,normal
3Mo,1Yr,0.042721,0.009265,0.042721,2026-07-28,normal
3Mo,1Yr,0.045221,0.009649,0.042721,2026-07-28,normal
3Mo,1Yr,0.047721,0.010502,0.042721,2026-07-28,normal
3Mo,1Yr,0.052721,0.012753,0.042721,2026-07-28,normal
3Mo,1Yr,0.062721,0.017549,0.042721,2026-07-28,normal
3Mo,2Yr,0.022338,0.014852,0.042338,2026-07-28,normal
3Mo,2Yr,0.032338,0.011571,0.042338,2026-07-28,normal
3Mo,2Yr,0.037338,0.010161,0.042338,2026-07-28,normal
3Mo,2Yr,0.039838,0.009719,0.042338,2026-07-28,normal
3Mo,2Yr,0.042338,0.009613,0.042338,2026-07-28,normal
3Mo,2Yr,0.044838,0.009902,0.042338,2026-07-28,normal
3Mo,2Yr,0.047338,0.010510,0.042338,2026-07-28,normal
3Mo,2Yr,0.052338,0.012212,0.042338,2026-07-28,normal
3Mo,2Yr,0.062338,0.016085,0.042338,2026-07-28,normal
3Mo,5Yr,0.021732,0.013593,0.041732,2026-07-28,normal
3Mo,5Yr,0.031732,0.010361,0.041732,2026-07-28,normal
3Mo,5Yr,0.036732,0.008979,0.041732,2026-07-28,normal
3Mo,5Yr,0.039232,0.008589,0.041732,2026-07-28,normal
3Mo,5Yr,0.041732,0.008598,0.041732,2026-07-28,normal
3Mo,5Yr,0.044232,0.009044,0.041732,2026-07-28,normal
3Mo,5Yr,0.046732,0.009795,0.041732,2026-07-28,normal
3Mo,5Yr,0.051732,0.011675,0.041732,2026-07-28,normal
3Mo,5Yr,0.061732,0.015685,0.041732,2026-07-28,normal
3Mo,10Yr,0.022764,0.012083,0.042764,2026-07-28,normal
3Mo,10Yr,0.032764,0.009030,0.042764,2026-07-28,normal
3Mo,10Yr,0.037764,0.007677,0.042764,2026-07-28,normal
3Mo,10Yr,0.040264,0.007278,0.042764,2026-07-28,normal
3Mo,10Yr,0.042764,0.007287,0.042764,2026-07-28,normal
3Mo,10Yr,0.045264,0.007746,0.042764,2026-07-28,normal
3Mo,10Yr,0.047764,0.008495,0.042764,2026-07-28,normal
3Mo,10Yr,0.052764,0.010309,0.042764,2026-07-28,normal
3Mo,10Yr,0.062764,0.014072,0.042764,2026-07-28,normal
3Mo,15Yr,0.023931,0.011588,0.043931,2026-07-28,normal
3Mo,15Yr,0.033931,0.008599,0.043931,2026-07-28,normal
3Mo,15Yr,0.038931,0.007244,0.043931,2026-07-28,normal
3Mo,15Yr,0.041431,0.006819,0.043931,2026-07-28,normal
3Mo,15Yr,0.043931,0.006791,0.043931,2026-07-28,normal
3Mo,15Yr,0.046431,0.007217,0.043931,2026-07-28,normal
3Mo,15Yr,0.048931,0.007938,0.043931,2026-07-28,normal
3Mo,15Yr,0.053931,0.009686,0.043931,2026-07-28,normal
3Mo,15Yr,0.063931,0.013300,0.043931,2026-07-28,normal
3Mo,20Yr,0.024449,0.011242,0.044449,2026-07-28,normal
3Mo,20Yr,0.034449,0.008319,0.044449,2026-07-28,normal
3Mo,20Yr,0.039449,0.006974,0.044449,2026-07-28,normal
3Mo,20Yr,0.041949,0.006535,0.044449,2026-07-28,normal
3Mo,20Yr,0.044449,0.006478,0.044449,2026-07-28,normal
3Mo,20Yr,0.046949,0.006871,0.044449,2026-07-28,normal
3Mo,20Yr,0.049449,0.007559,0.044449,2026-07-28,normal
3Mo,20Yr,0.054449,0.009243,0.044449,2026-07-28,normal
3Mo,20Yr,0.064449,0.012729,0.044449,2026-07-28,normal
3Mo,30Yr,0.024259,0.010709,0.044259,2026-07-28,normal
3Mo,30Yr,0.034259,0.007915,0.044259,2026-07-28,normal
3Mo,30Yr,0.039259,0.006618,0.044259,2026-07-28,normal
3Mo,30Yr,0.041759,0.006186,0.044259,2026-07-28,normal
3Mo,30Yr,0.044259,0.006113,0.044259,2026-07-28,normal
3Mo,30Yr,0.046759,0.006475,0.044259,2026-07-28,normal
3Mo,30Yr,0.049259,0.007123,0.044259,2026-07-28,normal
3Mo,30Yr,0.054259,0.008720,0.044259,2026-07-28,normal
3Mo,30Yr,0.064259,0.012029,0.044259,2026-07-28,normal
6Mo,1Yr,0.022910,0.014890,0.042910,2026-07-28,normal
6Mo,1Yr,0.032910,0.011667,0.042910,2026-07-28,normal
6Mo,1Yr,0.037910,0.010268,0.042910,2026-07-28,normal
6Mo,1Yr,0.040410,0.009809,0.042910,2026-07-28,normal
6Mo,1Yr,0.042910,0.009657,0.042910,2026-07-28,normal
6Mo,1Yr,0.045410,0.009877,0.042910,2026-07-28,normal
6Mo,1Yr,0.047910,0.010413,0.042910,2026-07-28,normal
6Mo,1Yr,0.052910,0.011997,0.042910,2026-07-28,normal
6Mo,1Yr,0.062910,0.015703,0.042910,2026-07-28,normal
6Mo,2Yr,0.022287,0.014208,0.042287,2026-07-28,normal
6Mo,2Yr,0.032287,0.011353,0.042287,2026-07-28,normal
6Mo,2Yr,0.037287,0.010173,0.042287,2026-07-28,normal
6Mo,2Yr,0.039787,0.009812,0.042287,2026-07-28,normal
6Mo,2Yr,0.042287,0.009714,0.042287,2026-07-28,normal
6Mo,2Yr,0.044787,0.009922,0.042287,2026-07-28,normal
6Mo,2Yr,0.047287,0.010393,0.042287,2026-07-28,normal
6Mo,2Yr,0.052287,0.011797,0.042287,2026-07-28,normal
6Mo,2Yr,0.062287,0.015165,0.042287,2026-07-28,normal
6Mo,5Yr,0.021767,0.011903,0.041767,2026-07-28,normal
6Mo,5Yr,0.031767,0.009683,0.041767,2026-07-28,normal
6Mo,5Yr,0.036767,0.008863,0.041767,2026-07-28,normal
6Mo,5Yr,0.039267,0.008671,0.041767,2026-07-28,normal
6Mo,5Yr,0.041767,0.008700,0.041767,2026-07-28,normal
6Mo,5Yr,0.044267,0.008961,0.041767,2026-07-28,normal
6Mo,5Yr,0.046767,0.009411,0.041767,2026-07-28,normal
6Mo,5Yr,0.051767,0.010641,0.041767,2026-07-28,normal
6Mo,5Yr,0.061767,0.013519,0.041767,2026-07-28,normal
6Mo,10Yr,0.022867,0.010844,0.042867,2026-07-28,normal
6Mo,10Yr,0.032867,0.008608,0.042867,2026-07-28,normal
6Mo,10Yr,0.037867,0.007757,0.042867,2026-07-28,normal
6Mo,10Yr,0.040367,0.007563,0.042867,2026-07-28,normal
6Mo,10Yr,0.042867,0.007620,0.042867,2026-07-28,normal
6Mo,10Yr,0.045367,0.007934,0.042867,2026-07-28,normal
6Mo,10Yr,0.047867,0.008440,0.042867,2026-07-28,normal
6Mo,10Yr,0.052867,0.009748,0.042867,2026-07-28,normal
6Mo,10Yr,0.062867,0.012658,0.042867,2026-07-28,normal
6Mo,15Yr,0.024012,0.010073,0.044012,2026-07-28,normal
6Mo,15Yr,0.034012,0.008052,0.044012,2026-07-28,normal
6Mo,15Yr,0.039012,0.007297,0.044012,2026-07-28,normal
6Mo,15Yr,0.041512,0.007130,0.044012,2026-07-28,normal
6Mo,15Yr,0.044012,0.007183,0.044012,2026-07-28,normal
6Mo,15Yr,0.046512,0.007462,0.044012,2026-07-28,normal
6Mo,15Yr,0.049012,0.007914,0.044012,2026-07-28,normal
6Mo,15Yr,0.054012,0.009088,0.044012,2026-07-28,normal
6Mo,15Yr,0.064012,0.011728,0.044012,2026-07-28,normal
6Mo,20Yr,0.024502,0.009422,0.044502,2026-07-28,normal
6Mo,20Yr,0.034502,0.007628,0.044502,2026-07-28,normal
6Mo,20Yr,0.039502,0.006982,0.044502,2026-07-28,normal
6Mo,20Yr,0.042002,0.006849,0.044502,2026-07-28,normal
6Mo,20Yr,0.044502,0.006904,0.044502,2026-07-28,normal
6Mo,20Yr,0.047002,0.007151,0.044502,2026-07-28,normal
6Mo,20Yr,0.049502,0.007548,0.044502,2026-07-28,normal
6Mo,20Yr,0.054502,0.008591,0.044502,2026-07-28,normal
6Mo,20Yr,0.064502,0.010969,0.044502,2026-07-28,normal
6Mo,30Yr,0.024298,0.009381,0.044298,2026-07-28,normal
6Mo,30Yr,0.034298,0.007445,0.044298,2026-07-28,normal
6Mo,30Yr,0.039298,0.006717,0.044298,2026-07-28,normal
6Mo,30Yr,0.041798,0.006560,0.044298,2026-07-28,normal
6Mo,30Yr,0.044298,0.006622,0.044298,2026-07-28,normal
6Mo,30Yr,0.046798,0.006907,0.044298,2026-07-28,normal
6Mo,30Yr,0.049298,0.007357,0.044298,2026-07-28,normal
6Mo,30Yr,0.054298,0.008506,0.044298,2026-07-28,normal
6Mo,30Yr,0.064298,0.011047,0.044298,2026-07-28,normal
9Mo,1Yr,0.022662,0.013921,0.042662,2026-07-28,normal
9Mo,1Yr,0.032662,0.011328,0.042662,2026-07-28,normal
9Mo,1Yr,0.037662,0.010289,0.042662,2026-07-28,normal
9Mo,1Yr,0.040162,0.009976,0.042662,2026-07-28,normal
9Mo,1Yr,0.042662,0.009887,0.042662,2026-07-28,normal
9Mo,1Yr,0.045162,0.010054,0.042662,2026-07-28,normal
9Mo,1Yr,0.047662,0.010449,0.042662,2026-07-28,normal
9Mo,1Yr,0.052662,0.011676,0.042662,2026-07-28,normal
9Mo,1Yr,0.062662,0.014739,0.042662,2026-07-28,normal
9Mo,2Yr,0.022037,0.013146,0.042037,2026-07-28,normal
9Mo,2Yr,0.032037,0.010940,0.042037,2026-07-28,normal
9Mo,2Yr,0.037037,0.010108,0.042037,2026-07-28,normal
9Mo,2Yr,0.039537,0.009876,0.042037,2026-07-28,normal
9Mo,2Yr,0.042037,0.009827,0.042037,2026-07-28,normal
9Mo,2Yr,0.044537,0.009980,0.042037,2026-07-28,normal
9Mo,2Yr,0.047037,0.010317,0.042037,2026-07-28,normal
9Mo,2Yr,0.052037,0.011365,0.042037,2026-07-28,normal
9Mo,2Yr,0.062037,0.014057,0.042037,2026-07-28,normal
9Mo,5Yr,0.021727,0.011150,0.041727,2026-07-28,normal
9Mo,5Yr,0.031727,0.009422,0.041727,2026-07-28,normal
9Mo,5Yr,0.036727,0.008856,0.041727,2026-07-28,normal
9Mo,5Yr,0.039227,0.008749,0.041727,2026-07-28,normal
9Mo,5Yr,0.041727,0.008800,0.041727,2026-07-28,normal
9Mo,5Yr,0.044227,0.009012,0.041727,2026-07-28,normal
9Mo,5Yr,0.046727,0.009363,0.041727,2026-07-28,normal
9Mo,5Yr,0.051727,0.010336,0.041727,2026-07-28,normal
9Mo,5Yr,0.061727,0.012717,0.041727,2026-07-28,normal
9Mo,10Yr,0.022931,0.010192,0.042931,2026-07-28,normal
9Mo,10Yr,0.032931,0.008444,0.042931,2026-07-28,normal
9Mo,10Yr,0.037931,0.007870,0.042931,2026-07-28,normal
9Mo,10Yr,0.040431,0.007779,0.042931,2026-07-28,normal
9Mo,10Yr,0.042931,0.007865,0.042931,2026-07-28,normal
9Mo,10Yr,0.045431,0.008128,0.042931,2026-07-28,normal
9Mo,10Yr,0.047931,0.008531,0.042931,2026-07-28,normal
9Mo,10Yr,0.052931,0.009587,0.042931,2026-07-28,normal
9Mo,10Yr,0.062931,0.012034,0.042931,2026-07-28,normal
9Mo,15Yr,0.024063,0.009649,0.044063,2026-07-28,normal
9Mo,15Yr,0.034063,0.008009,0.044063,2026-07-28,normal
9Mo,15Yr,0.039063,0.007472,0.044063,2026-07-28,normal
9Mo,15Yr,0.041563,0.007384,0.044063,2026-07-28,normal
9Mo,15Yr,0.044063,0.007461,0.044063,2026-07-28,normal
9Mo,15Yr,0.046563,0.007701,0.044063,2026-07-28,normal
9Mo,15Yr,0.049063,0.008073,0.044063,2026-07-28,normal
9Mo,15Yr,0.054063,0.009054,0.044063,2026-07-28,normal
9Mo,15Yr,0.064063,0.011337,0.044063,2026-07-28,normal
9Mo,20Yr,0.024531,0.009231,0.044531,2026-07-28,normal
9Mo,20Yr,0.034531,0.007714,0.044531,2026-07-28,normal
9Mo,20Yr,0.039531,0.007227,0.044531,2026-07-28,normal
9Mo,20Yr,0.042031,0.007151,0.044531,2026-07-28,normal
9Mo,20Yr,0.044531,0.007223,0.044531,2026-07-28,normal
9Mo,20Yr,0.047031,0.007443,0.044531,2026-07-28,normal
9Mo,20Yr,0.049531,0.007784,0.044531,2026-07-28,normal
9Mo,20Yr,0.054531,0.008688,0.044531,2026-07-28,normal
9Mo,20Yr,0.064531,0.010816,0.044531,2026-07-28,normal
9Mo,30Yr,0.024318,0.009145,0.044318,2026-07-28,normal
9Mo,30Yr,0.034318,0.007530,0.044318,2026-07-28,normal
9Mo,30Yr,0.039318,0.006988,0.044318,2026-07-28,normal
9Mo,30Yr,0.041818,0.006895,0.044318,2026-07-28,normal
9Mo,30Yr,0.044318,0.006968,0.044318,2026-07-28,normal
9Mo,30Yr,0.046818,0.007206,0.044318,2026-07-28,normal
9Mo,30Yr,0.049318,0.007575,0.044318,2026-07-28,normal
9Mo,30Yr,0.054318,0.008540,0.044318,2026-07-28,normal
9Mo,30Yr,0.064318,0.010767,0.044318,2026-07-28,normal
1Yr,1Yr,0.022165,0.012807,0.042165,2026-07-28,normal
1Yr,1Yr,0.032165,0.010935,0.042165,2026-07-28,normal
1Yr,1Yr,0.037165,0.010270,0.042165,2026-07-28,normal
1Yr,1Yr,0.039665,0.010096,0.042165,2026-07-28,normal
1Yr,1Yr,0.042165,0.010066,0.042165,2026-07-28,normal
1Yr,1Yr,0.044665,0.010194,0.042165,2026-07-28,normal
1Yr,1Yr,0.047165,0.010467,0.042165,2026-07-28,normal
1Yr,1Yr,0.052165,0.011339,0.042165,2026-07-28,normal
1Yr,1Yr,0.062165,0.013681,0.042165,2026-07-28,normal
1Yr,2Yr,0.021639,0.011884,0.041639,2026-07-28,normal
1Yr,2Yr,0.031639,0.010387,0.041639,2026-07-28,normal
1Yr,2Yr,0.036639,0.009894,0.041639,2026-07-28,normal
1Yr,2Yr,0.039139,0.009777,0.041639,2026-07-28,normal
1Yr,2Yr,0.041639,0.009773,0.041639,2026-07-28,normal
1Yr,2Yr,0.044139,0.009888,0.041639,2026-07-28,normal
1Yr,2Yr,0.046639,0.010115,0.041639,2026-07-28,normal
1Yr,2Yr,0.051639,0.010829,0.041639,2026-07-28,normal
1Yr,2Yr,0.061639,0.012799,0.041639,2026-07-28,normal
1Yr,5Yr,0.021637,0.010298,0.041637,2026-07-28,normal
1Yr,5Yr,0.031637,0.009102,0.041637,2026-07-28,normal
1Yr,5Yr,0.036637,0.008780,0.041637,2026-07-28,normal
1Yr,5Yr,0.039137,0.008747,0.041637,2026-07-28,normal
1Yr,5Yr,0.041637,0.008817,0.041637,2026-07-28,normal
1Yr,5Yr,0.044137,0.008989,0.041637,2026-07-28,normal
1Yr,5Yr,0.046637,0.009252,0.041637,2026-07-28,normal
1Yr,5Yr,0.051637,0.009979,0.041637,2026-07-28,normal
1Yr,5Yr,0.061637,0.011832,0.041637,2026-07-28,normal
1Yr,10Yr,0.022968,0.009440,0.042968,2026-07-28,normal
1Yr,10Yr,0.032968,0.008233,0.042968,2026-07-28,normal
1Yr,10Yr,0.037968,0.007928,0.042968,2026-07-28,normal
1Yr,10Yr,0.040468,0.007921,0.042968,2026-07-28,normal
1Yr,10Yr,0.042968,0.008028,0.042968,2026-07-28,normal
1Yr,10Yr,0.045468,0.008246,0.042968,2026-07-28,normal
1Yr,10Yr,0.047968,0.008556,0.042968,2026-07-28,normal
1Yr,10Yr,0.052968,0.009365,0.042968,2026-07-28,normal
1Yr,10Yr,0.062968,0.011310,0.042968,2026-07-28,normal
1Yr,15Yr,0.024094,0.009128,0.044094,2026-07-28,normal
1Yr,15Yr,0.034094,0.007911,0.044094,2026-07-28,normal
1Yr,15Yr,0.039094,0.007586,0.044094,2026-07-28,normal
1Yr,15Yr,0.041594,0.007567,0.044094,2026-07-28,normal
1Yr,15Yr,0.044094,0.007662,0.044094,2026-07-28,normal
1Yr,15Yr,0.046594,0.007868,0.044094,2026-07-28,normal
1Yr,15Yr,0.049094,0.008168,0.044094,2026-07-28,normal
1Yr,15Yr,0.054094,0.008956,0.044094,2026-07-28,normal
1Yr,15Yr,0.064094,0.010853,0.044094,2026-07-28,normal
1Yr,20Yr,0.024542,0.008975,0.044542,2026-07-28,normal
1Yr,20Yr,0.034542,0.007764,0.044542,2026-07-28,normal
1Yr,20Yr,0.039542,0.007432,0.044542,2026-07-28,normal
1Yr,20Yr,0.042042,0.007405,0.044542,2026-07-28,normal
1Yr,20Yr,0.044542,0.007492,0.044542,2026-07-28,normal
1Yr,20Yr,0.047042,0.007689,0.044542,2026-07-28,normal
1Yr,20Yr,0.049542,0.007979,0.044542,2026-07-28,normal
1Yr,20Yr,0.054542,0.008747,0.044542,2026-07-28,normal
1Yr,20Yr,0.064542,0.010603,0.044542,2026-07-28,normal
1Yr,30Yr,0.024323,0.008816,0.044323,2026-07-28,normal
1Yr,30Yr,0.034323,0.007551,0.044323,2026-07-28,normal
1Yr,30Yr,0.039323,0.007185,0.044323,2026-07-28,normal
1Yr,30Yr,0.041823,0.007145,0.044323,2026-07-28,normal
1Yr,30Yr,0.044323,0.007224,0.044323,2026-07-28,normal
1Yr,30Yr,0.046823,0.007420,0.044323,2026-07-28,normal
1Yr,30Yr,0.049323,0.007715,0.044323,2026-07-28,normal
1Yr,30Yr,0.054323,0.008498,0.044323,2026-07-28,normal
1Yr,30Yr,0.064323,0.010379,0.044323,2026-07-28,normal
2Yr,1Yr,0.021092,0.010176,0.041092,2026-07-28,normal
2Yr,1Yr,0.031092,0.009683,0.041092,2026-07-28,normal
2Yr,1Yr,0.036092,0.009617,0.041092,2026-07-28,normal
2Yr,1Yr,0.038592,0.009644,0.041092,2026-07-28,normal
2Yr,1Yr,0.041092,0.009716,0.041092,2026-07-28,normal
2Yr,1Yr,0.043592,0.009831,0.041092,2026-07-28,normal
2Yr,1Yr,0.046092,0.009987,0.041092,2026-07-28,normal
2Yr,1Yr,0.051092,0.010406,0.041092,2026-07-28,normal
2Yr,1Yr,0.061092,0.011542,0.041092,2026-07-28,normal
2Yr,2Yr,0.021051,0.010309,0.041051,2026-07-28,normal
2Yr,2Yr,0.031051,0.009515,0.041051,2026-07-28,normal
2Yr,2Yr,0.036051,0.009347,0.041051,2026-07-28,normal
2Yr,2Yr,0.038551,0.009351,0.041051,2026-07-28,normal
2Yr,2Yr,0.041051,0.009421,0.041051,2026-07-28,normal
2Yr,2Yr,0.043551,0.009556,0.041051,2026-07-28,normal
2Yr,2Yr,0.046051,0.009752,0.041051,2026-07-28,normal
2Yr,2Yr,0.051051,0.010293,0.041051,2026-07-28,normal
2Yr,2Yr,0.061051,0.011738,0.041051,2026-07-28,normal
2Yr,5Yr,0.021795,0.009234,0.041795,2026-07-28,normal
2Yr,5Yr,0.031795,0.008686,0.041795,2026-07-28,normal
2Yr,5Yr,0.036795,0.008630,0.041795,2026-07-28,normal
2Yr,5Yr,0.039295,0.008678,0.041795,2026-07-28,normal
2Yr,5Yr,0.041795,0.008780,0.041795,2026-07-28,normal
2Yr,5Yr,0.044295,0.008933,0.041795,2026-07-28,normal
2Yr,5Yr,0.046795,0.009133,0.041795,2026-07-28,normal
2Yr,5Yr,0.051795,0.009646,0.041795,2026-07-28,normal
2Yr,5Yr,0.061795,0.010951,0.041795,2026-07-28,normal
2Yr,10Yr,0.023386,0.008803,0.043386,2026-07-28,normal
2Yr,10Yr,0.033386,0.008101,0.043386,2026-07-28,normal
2Yr,10Yr,0.038386,0.008013,0.043386,2026-07-28,normal
2Yr,10Yr,0.040886,0.008067,0.043386,2026-07-28,normal
2Yr,10Yr,0.043386,0.008192,0.043386,2026-07-28,normal
2Yr,10Yr,0.045886,0.008382,0.043386,2026-07-28,normal
2Yr,10Yr,0.048386,0.008629,0.043386,2026-07-28,normal
2Yr,10Yr,0.053386,0.009250,0.043386,2026-07-28,normal
2Yr,10Yr,0.063386,0.010765,0.043386,2026-07-28,normal
2Yr,15Yr,0.024398,0.008537,0.044398,2026-07-28,normal
2Yr,15Yr,0.034398,0.007853,0.044398,2026-07-28,normal
2Yr,15Yr,0.039398,0.007762,0.044398,2026-07-28,normal
2Yr,15Yr,0.041898,0.007811,0.044398,2026-07-28,normal
2Yr,15Yr,0.044398,0.007926,0.044398,2026-07-28,normal
2Yr,15Yr,0.046898,0.008104,0.044398,2026-07-28,normal
2Yr,15Yr,0.049398,0.008337,0.044398,2026-07-28,normal
2Yr,15Yr,0.054398,0.008927,0.044398,2026-07-28,normal
2Yr,15Yr,0.064398,0.010374,0.044398,2026-07-28,normal
2Yr,20Yr,0.024724,0.008344,0.044724,2026-07-28,normal
2Yr,20Yr,0.034724,0.007699,0.044724,2026-07-28,normal
2Yr,20Yr,0.039724,0.007615,0.044724,2026-07-28,normal
2Yr,20Yr,0.042224,0.007662,0.044724,2026-07-28,normal
2Yr,20Yr,0.044724,0.007772,0.044724,2026-07-28,normal
2Yr,20Yr,0.047224,0.007941,0.044724,2026-07-28,normal
2Yr,20Yr,0.049724,0.008162,0.044724,2026-07-28,normal
2Yr,20Yr,0.054724,0.008723,0.044724,2026-07-28,normal
2Yr,20Yr,0.064724,0.010105,0.044724,2026-07-28,normal
2Yr,30Yr,0.024456,0.008216,0.044456,2026-07-28,normal
2Yr,30Yr,0.034456,0.007557,0.044456,2026-07-28,normal
2Yr,30Yr,0.039456,0.007466,0.044456,2026-07-28,normal
2Yr,30Yr,0.041956,0.007511,0.044456,2026-07-28,normal
2Yr,30Yr,0.044456,0.007619,0.044456,2026-07-28,normal
2Yr,30Yr,0.046956,0.007788,0.044456,2026-07-28,normal
2Yr,30Yr,0.049456,0.008009,0.044456,2026-07-28,normal
2Yr,30Yr,0.054456,0.008572,0.044456,2026-07-28,normal
2Yr,30Yr,0.064456,0.009957,0.044456,2026-07-28,normal
3Yr,1Yr,0.021009,0.009361,0.041009,2026-07-28,normal
3Yr,1Yr,0.031009,0.009072,0.041009,2026-07-28,normal
3Yr,1Yr,0.036009,0.009143,0.041009,2026-07-28,normal
3Yr,1Yr,0.038509,0.009245,0.041009,2026-07-28,normal
3Yr,1Yr,0.041009,0.009389,0.041009,2026-07-28,normal
3Yr,1Yr,0.043509,0.009574,0.041009,2026-07-28,normal
3Yr,1Yr,0.046009,0.009794,0.041009,2026-07-28,normal
3Yr,1Yr,0.051009,0.010324,0.041009,2026-07-28,normal
3Yr,1Yr,0.061009,0.011605,0.041009,2026-07-28,normal
3Yr,2Yr,0.021269,0.009351,0.041269,2026-07-28,normal
3Yr,2Yr,0.031269,0.009001,0.041269,2026-07-28,normal
3Yr,2Yr,0.036269,0.009030,0.041269,2026-07-28,normal
3Yr,2Yr,0.038769,0.009109,0.041269,2026-07-28,normal
3Yr,2Yr,0.041269,0.009231,0.041269,2026-07-28,normal
3Yr,2Yr,0.043769,0.009394,0.041269,2026-07-28,normal
3Yr,2Yr,0.046269,0.009595,0.041269,2026-07-28,normal
3Yr,2Yr,0.051269,0.010088,0.041269,2026-07-28,normal
3Yr,2Yr,0.061269,0.011314,0.041269,2026-07-28,normal
3Yr,5Yr,0.022339,0.008896,0.042339,2026-07-28,normal
3Yr,5Yr,0.032339,0.008488,0.042339,2026-07-28,normal
3Yr,5Yr,0.037339,0.008501,0.042339,2026-07-28,normal
3Yr,5Yr,0.039839,0.008577,0.042339,2026-07-28,normal
3Yr,5Yr,0.042339,0.008701,0.042339,2026-07-28,normal
3Yr,5Yr,0.044839,0.008870,0.042339,2026-07-28,normal
3Yr,5Yr,0.047339,0.009078,0.042339,2026-07-28,normal
3Yr,5Yr,0.052339,0.009592,0.042339,2026-07-28,normal
3Yr,5Yr,0.062339,0.010858,0.042339,2026-07-28,normal
3Yr,10Yr,0.023973,0.008450,0.043973,2026-07-28,normal
3Yr,10Yr,0.033973,0.008025,0.043973,2026-07-28,normal
3Yr,10Yr,0.038973,0.008046,0.043973,2026-07-28,normal
3Yr,10Yr,0.041473,0.008132,0.043973,2026-07-28,normal
3Yr,10Yr,0.043973,0.008269,0.043973,2026-07-28,normal
3Yr,10Yr,0.046473,0.008453,0.043973,2026-07-28,normal
3Yr,10Yr,0.048973,0.008678,0.043973,2026-07-28,normal
3Yr,10Yr,0.053973,0.009223,0.043973,2026-07-28,normal
3Yr,10Yr,0.063973,0.010536,0.043973,2026-07-28,normal
3Yr,15Yr,0.024829,0.008280,0.044829,2026-07-28,normal
3Yr,15Yr,0.034829,0.007807,0.044829,2026-07-28,normal
3Yr,15Yr,0.039829,0.007802,0.044829,2026-07-28,normal
3Yr,15Yr,0.042329,0.007877,0.044829,2026-07-28,normal
3Yr,15Yr,0.044829,0.008005,0.044829,2026-07-28,normal
3Yr,15Yr,0.047329,0.008182,0.044829,2026-07-28,normal
3Yr,15Yr,0.049829,0.008401,0.044829,2026-07-28,normal
3Yr,15Yr,0.054829,0.008939,0.044829,2026-07-28,normal
3Yr,15Yr,0.064829,0.010244,0.044829,2026-07-28,normal
3Yr,20Yr,0.024997,0.008198,0.044997,2026-07-28,normal
3Yr,20Yr,0.034997,0.007701,0.044997,2026-07-28,normal
3Yr,20Yr,0.039997,0.007682,0.044997,2026-07-28,normal
3Yr,20Yr,0.042497,0.007750,0.044997,2026-07-28,normal
3Yr,20Yr,0.044997,0.007872,0.044997,2026-07-28,normal
3Yr,20Yr,0.047497,0.008044,0.044997,2026-07-28,normal
3Yr,20Yr,0.049997,0.008260,0.044997,2026-07-28,normal
3Yr,20Yr,0.054997,0.008792,0.044997,2026-07-28,normal
3Yr,20Yr,0.064997,0.010089,0.044997,2026-07-28,normal
3Yr,30Yr,0.024661,0.008113,0.044661,2026-07-28,normal
3Yr,30Yr,0.034661,0.007591,0.044661,2026-07-28,normal
3Yr,30Yr,0.039661,0.007556,0.044661,2026-07-28,normal
3Yr,30Yr,0.042161,0.007617,0.044661,2026-07-28,normal
3Yr,30Yr,0.044661,0.007732,0.044661,2026-07-28,normal
3Yr,30Yr,0.047161,0.007898,0.044661,2026-07-28,normal
3Yr,30Yr,0.049661,0.008109,0.044661,2026-07-28,normal
3Yr,30Yr,0.054661,0.008635,0.044661,2026-07-28,normal
3Yr,30Yr,0.064661,0.009923,0.044661,2026-07-28,normal
5Yr,1Yr,0.022415,0.008449,0.042415,2026-07-28,normal
5Yr,1Yr,0.032415,0.008572,0.042415,2026-07-28,normal
5Yr,1Yr,0.037415,0.008773,0.042415,2026-07-28,normal
5Yr,1Yr,0.039915,0.008908,0.042415,2026-07-28,normal
5Yr,1Yr,0.042415,0.009065,0.042415,2026-07-28,normal
5Yr,1Yr,0.044915,0.009242,0.042415,2026-07-28,normal
5Yr,1Yr,0.047415,0.009436,0.042415,2026-07-28,normal
5Yr,1Yr,0.052415,0.009868,0.042415,2026-07-28,normal
5Yr,1Yr,0.062415,0.010855,0.042415,2026-07-28,normal
5Yr,2Yr,0.022772,0.008682,0.042772,2026-07-28,normal
5Yr,2Yr,0.032772,0.008610,0.042772,2026-07-28,normal
5Yr,2Yr,0.037772,0.008720,0.042772,2026-07-28,normal
5Yr,2Yr,0.040272,0.008816,0.042772,2026-07-28,normal
5Yr,2Yr,0.042772,0.008938,0.042772,2026-07-28,normal
5Yr,2Yr,0.045272,0.009085,0.042772,2026-07-28,normal
5Yr,2Yr,0.047772,0.009255,0.042772,2026-07-28,normal
5Yr,2Yr,0.052772,0.009653,0.042772,2026-07-28,normal
5Yr,2Yr,0.062772,0.010613,0.042772,2026-07-28,normal
5Yr,5Yr,0.023852,0.008474,0.043852,2026-07-28,normal
5Yr,5Yr,0.033852,0.008330,0.043852,2026-07-28,normal
5Yr,5Yr,0.038852,0.008418,0.043852,2026-07-28,normal
5Yr,5Yr,0.041352,0.008508,0.043852,2026-07-28,normal
5Yr,5Yr,0.043852,0.008628,0.043852,2026-07-28,normal
5Yr,5Yr,0.046352,0.008776,0.043852,2026-07-28,normal
5Yr,5Yr,0.048852,0.008950,0.043852,2026-07-28,normal
5Yr,5Yr,0.053852,0.009362,0.043852,2026-07-28,normal
5Yr,5Yr,0.063852,0.010363,0.043852,2026-07-28,normal
5Yr,10Yr,0.025324,0.008005,0.045324,2026-07-28,normal
5Yr,10Yr,0.035324,0.007932,0.045324,2026-07-28,normal
5Yr,10Yr,0.040324,0.008074,0.045324,2026-07-28,normal
5Yr,10Yr,0.042824,0.008194,0.045324,2026-07-28,normal
5Yr,10Yr,0.045324,0.008344,0.045324,2026-07-28,normal
5Yr,10Yr,0.047824,0.008522,0.045324,2026-07-28,normal
5Yr,10Yr,0.050324,0.008725,0.045324,2026-07-28,normal
5Yr,10Yr,0.055324,0.009189,0.045324,2026-07-28,normal
5Yr,10Yr,0.065324,0.010269,0.045324,2026-07-28,normal
5Yr,15Yr,0.025760,0.007714,0.045760,2026-07-28,normal
5Yr,15Yr,0.035760,0.007665,0.045760,2026-07-28,normal
5Yr,15Yr,0.040760,0.007806,0.045760,2026-07-28,normal
5Yr,15Yr,0.043260,0.007922,0.045760,2026-07-28,normal
5Yr,15Yr,0.045760,0.008065,0.045760,2026-07-28,normal
5Yr,15Yr,0.048260,0.008234,0.045760,2026-07-28,normal
5Yr,15Yr,0.050760,0.008425,0.045760,2026-07-28,normal
5Yr,15Yr,0.055760,0.008863,0.045760,2026-07-28,normal
5Yr,15Yr,0.065760,0.009879,0.045760,2026-07-28,normal
5Yr,20Yr,0.025552,0.007564,0.045552,2026-07-28,normal
5Yr,20Yr,0.035552,0.007559,0.045552,2026-07-28,normal
5Yr,20Yr,0.040552,0.007707,0.045552,2026-07-28,normal
5Yr,20Yr,0.043052,0.007821,0.045552,2026-07-28,normal
5Yr,20Yr,0.045552,0.007960,0.045552,2026-07-28,normal
5Yr,20Yr,0.048052,0.008122,0.045552,2026-07-28,normal
5Yr,20Yr,0.050552,0.008303,0.045552,2026-07-28,normal
5Yr,20Yr,0.055552,0.008716,0.045552,2026-07-28,normal
5Yr,20Yr,0.065552,0.009672,0.045552,2026-07-28,normal
5Yr,30Yr,0.025079,0.007512,0.045079,2026-07-28,normal
5Yr,30Yr,0.035079,0.007448,0.045079,2026-07-28,normal
5Yr,30Yr,0.040079,0.007579,0.045079,2026-07-28,normal
5Yr,30Yr,0.042579,0.007688,0.045079,2026-07-28,normal
5Yr,30Yr,0.045079,0.007826,0.045079,2026-07-28,normal
5Yr,30Yr,0.047579,0.007989,0.045079,2026-07-28,normal
5Yr,30Yr,0.050079,0.008175,0.045079,2026-07-28,normal
5Yr,30Yr,0.055079,0.008601,0.045079,2026-07-28,normal
5Yr,30Yr,0.065079,0.009597,0.045079,2026-07-28,normal
7Yr,1Yr,0.023896,0.008225,0.043896,2026-07-28,normal
7Yr,1Yr,0.033896,0.008329,0.043896,2026-07-28,normal
7Yr,1Yr,0.038896,0.008515,0.043896,2026-07-28,normal
7Yr,1Yr,0.041396,0.008641,0.043896,2026-07-28,normal
7Yr,1Yr,0.043896,0.008789,0.043896,2026-07-28,normal
7Yr,1Yr,0.046396,0.008956,0.043896,2026-07-28,normal
7Yr,1Yr,0.048896,0.009140,0.043896,2026-07-28,normal
7Yr,1Yr,0.053896,0.009551,0.043896,2026-07-28,normal
7Yr,1Yr,0.063896,0.010494,0.043896,2026-07-28,normal
7Yr,2Yr,0.024279,0.008339,0.044279,2026-07-28,normal
7Yr,2Yr,0.034279,0.008347,0.044279,2026-07-28,normal
7Yr,2Yr,0.039279,0.008496,0.044279,2026-07-28,normal
7Yr,2Yr,0.041779,0.008609,0.044279,2026-07-28,normal
7Yr,2Yr,0.044279,0.008746,0.044279,2026-07-28,normal
7Yr,2Yr,0.046779,0.008906,0.044279,2026-07-28,normal
7Yr,2Yr,0.049279,0.009086,0.044279,2026-07-28,normal
7Yr,2Yr,0.054279,0.009496,0.044279,2026-07-28,normal
7Yr,2Yr,0.064279,0.010460,0.044279,2026-07-28,normal
7Yr,5Yr,0.025359,0.008245,0.045359,2026-07-28,normal
7Yr,5Yr,0.035359,0.008208,0.045359,2026-07-28,normal
7Yr,5Yr,0.040359,0.008325,0.045359,2026-07-28,normal
7Yr,5Yr,0.042859,0.008420,0.045359,2026-07-28,normal
7Yr,5Yr,0.045359,0.008540,0.045359,2026-07-28,normal
7Yr,5Yr,0.047859,0.008682,0.045359,2026-07-28,normal
7Yr,5Yr,0.050359,0.008844,0.045359,2026-07-28,normal
7Yr,5Yr,0.055359,0.009221,0.045359,2026-07-28,normal
7Yr,5Yr,0.065359,0.010123,0.045359,2026-07-28,normal
7Yr,10Yr,0.026195,0.007840,0.046195,2026-07-28,normal
7Yr,10Yr,0.036195,0.007871,0.046195,2026-07-28,normal
7Yr,10Yr,0.041195,0.008039,0.046195,2026-07-28,normal
7Yr,10Yr,0.043695,0.008162,0.046195,2026-07-28,normal
7Yr,10Yr,0.046195,0.008310,0.046195,2026-07-28,normal
7Yr,10Yr,0.048695,0.008480,0.046195,2026-07-28,normal
7Yr,10Yr,0.051195,0.008670,0.046195,2026-07-28,normal
7Yr,10Yr,0.056195,0.009098,0.046195,2026-07-28,normal
7Yr,10Yr,0.066195,0.010082,0.046195,2026-07-28,normal
7Yr,15Yr,0.026219,0.007628,0.046219,2026-07-28,normal
7Yr,15Yr,0.036219,0.007617,0.046219,2026-07-28,normal
7Yr,15Yr,0.041219,0.007766,0.046219,2026-07-28,normal
7Yr,15Yr,0.043719,0.007881,0.046219,2026-07-28,normal
7Yr,15Yr,0.046219,0.008022,0.046219,2026-07-28,normal
7Yr,15Yr,0.048719,0.008186,0.046219,2026-07-28,normal
7Yr,15Yr,0.051219,0.008371,0.046219,2026-07-28,normal
7Yr,15Yr,0.056219,0.008790,0.046219,2026-07-28,normal
7Yr,15Yr,0.066219,0.009762,0.046219,2026-07-28,normal
7Yr,20Yr,0.025794,0.007580,0.045794,2026-07-28,normal
7Yr,20Yr,0.035794,0.007550,0.045794,2026-07-28,normal
7Yr,20Yr,0.040794,0.007688,0.045794,2026-07-28,normal
7Yr,20Yr,0.043294,0.007798,0.045794,2026-07-28,normal
7Yr,20Yr,0.045794,0.007934,0.045794,2026-07-28,normal
7Yr,20Yr,0.048294,0.008094,0.045794,2026-07-28,normal
7Yr,20Yr,0.050794,0.008274,0.045794,2026-07-28,normal
7Yr,20Yr,0.055794,0.008687,0.045794,2026-07-28,normal
7Yr,20Yr,0.065794,0.009648,0.045794,2026-07-28,normal
7Yr,30Yr,0.025348,0.007483,0.045348,2026-07-28,normal
7Yr,30Yr,0.035348,0.007444,0.045348,2026-07-28,normal
7Yr,30Yr,0.040348,0.007577,0.045348,2026-07-28,normal
7Yr,30Yr,0.042848,0.007686,0.045348,2026-07-28,normal
7Yr,30Yr,0.045348,0.007820,0.045348,2026-07-28,normal
7Yr,30Yr,0.047848,0.007978,0.045348,2026-07-28,normal
7Yr,30Yr,0.050348,0.008158,0.045348,2026-07-28,normal
7Yr,30Yr,0.055348,0.008569,0.045348,2026-07-28,normal
7Yr,30Yr,0.065348,0.009528,0.045348,2026-07-28,normal
10Yr,1Yr,0.026232,0.008099,0.046232,2026-07-28,normal
10Yr,1Yr,0.036232,0.008201,0.046232,2026-07-28,normal
10Yr,1Yr,0.041232,0.008368,0.046232,2026-07-28,normal
10Yr,1Yr,0.043732,0.008480,0.046232,2026-07-28,normal
10Yr,1Yr,0.046232,0.008611,0.046232,2026-07-28,normal
10Yr,1Yr,0.048732,0.008759,0.046232,2026-07-28,normal
10Yr,1Yr,0.051232,0.008922,0.046232,2026-07-28,normal
10Yr,1Yr,0.056232,0.009288,0.046232,2026-07-28,normal
10Yr,1Yr,0.066232,0.010134,0.046232,2026-07-28,normal
10Yr,2Yr,0.026544,0.008092,0.046544,2026-07-28,normal
10Yr,2Yr,0.036544,0.008161,0.046544,2026-07-28,normal
10Yr,2Yr,0.041544,0.008314,0.046544,2026-07-28,normal
10Yr,2Yr,0.044044,0.008421,0.046544,2026-07-28,normal
10Yr,2Yr,0.046544,0.008547,0.046544,2026-07-28,normal
10Yr,2Yr,0.049044,0.008691,0.046544,2026-07-28,normal
10Yr,2Yr,0.051544,0.008851,0.046544,2026-07-28,normal
10Yr,2Yr,0.056544,0.009213,0.046544,2026-07-28,normal
10Yr,2Yr,0.066544,0.010058,0.046544,2026-07-28,normal
10Yr,5Yr,0.027167,0.007797,0.047167,2026-07-28,normal
10Yr,5Yr,0.037167,0.007938,0.047167,2026-07-28,normal
10Yr,5Yr,0.042167,0.008128,0.047167,2026-07-28,normal
10Yr,5Yr,0.044667,0.008253,0.047167,2026-07-28,normal
10Yr,5Yr,0.047167,0.008396,0.047167,2026-07-28,normal
10Yr,5Yr,0.049667,0.008556,0.047167,2026-07-28,normal
10Yr,5Yr,0.052167,0.008730,0.047167,2026-07-28,normal
10Yr,5Yr,0.057167,0.009115,0.047167,2026-07-28,normal
10Yr,5Yr,0.067167,0.009991,0.047167,2026-07-28,normal
10Yr,10Yr,0.027091,0.007409,0.047091,2026-07-28,normal
10Yr,10Yr,0.037091,0.007656,0.047091,2026-07-28,normal
10Yr,10Yr,0.042091,0.007889,0.047091,2026-07-28,normal
10Yr,10Yr,0.044591,0.008030,0.047091,2026-07-28,normal
10Yr,10Yr,0.047091,0.008187,0.047091,2026-07-28,normal
10Yr,10Yr,0.049591,0.008357,0.047091,2026-07-28,normal
10Yr,10Yr,0.052091,0.008539,0.047091,2026-07-28,normal
10Yr,10Yr,0.057091,0.008932,0.047091,2026-07-28,normal
10Yr,10Yr,0.067091,0.009797,0.047091,2026-07-28,normal
10Yr,15Yr,0.026429,0.007211,0.046429,2026-07-28,normal
10Yr,15Yr,0.036429,0.007416,0.046429,2026-07-28,normal
10Yr,15Yr,0.041429,0.007632,0.046429,2026-07-28,normal
10Yr,15Yr,0.043929,0.007766,0.046429,2026-07-28,normal
10Yr,15Yr,0.046429,0.007917,0.046429,2026-07-28,normal
10Yr,15Yr,0.048929,0.008082,0.046429,2026-07-28,normal
10Yr,15Yr,0.051429,0.008259,0.046429,2026-07-28,normal
10Yr,15Yr,0.056429,0.008645,0.046429,2026-07-28,normal
10Yr,15Yr,0.066429,0.009501,0.046429,2026-07-28,normal
10Yr,20Yr,0.025696,0.007175,0.045696,2026-07-28,normal
10Yr,20Yr,0.035696,0.007358,0.045696,2026-07-28,normal
10Yr,20Yr,0.040696,0.007564,0.045696,2026-07-28,normal
10Yr,20Yr,0.043196,0.007694,0.045696,2026-07-28,normal
10Yr,20Yr,0.045696,0.007840,0.045696,2026-07-28,normal
10Yr,20Yr,0.048196,0.008001,0.045696,2026-07-28,normal
10Yr,20Yr,0.050696,0.008175,0.045696,2026-07-28,normal
10Yr,20Yr,0.055696,0.008555,0.045696,2026-07-28,normal
10Yr,20Yr,0.065696,0.009404,0.045696,2026-07-28,normal
10Yr,30Yr,0.025434,0.007048,0.045434,2026-07-28,normal
10Yr,30Yr,0.035434,0.007240,0.045434,2026-07-28,normal
10Yr,30Yr,0.040434,0.007451,0.045434,2026-07-28,normal
10Yr,30Yr,0.042934,0.007584,0.045434,2026-07-28,normal
10Yr,30Yr,0.045434,0.007733,0.045434,2026-07-28,normal
10Yr,30Yr,0.047934,0.007897,0.045434,2026-07-28,normal
10Yr,30Yr,0.050434,0.008073,0.045434,2026-07-28,normal
10Yr,30Yr,0.055434,0.008459,0.045434,2026-07-28,normal
10Yr,30Yr,0.065434,0.009315,0.045434,2026-07-28,normal
15Yr,1Yr,0.026461,0.007879,0.046461,2026-07-28,normal
15Yr,1Yr,0.036461,0.008001,0.046461,2026-07-28,normal
15Yr,1Yr,0.041461,0.008158,0.046461,2026-07-28,normal
15Yr,1Yr,0.043961,0.008260,0.046461,2026-07-28,normal
15Yr,1Yr,0.046461,0.008378,0.046461,2026-07-28,normal
15Yr,1Yr,0.048961,0.008510,0.046461,2026-07-28,normal
15Yr,1Yr,0.051461,0.008655,0.046461,2026-07-28,normal
15Yr,1Yr,0.056461,0.008979,0.046461,2026-07-28,normal
15Yr,1Yr,0.066461,0.009730,0.046461,2026-07-28,normal
15Yr,2Yr,0.026598,0.007957,0.046598,2026-07-28,normal
15Yr,2Yr,0.036598,0.008008,0.046598,2026-07-28,normal
15Yr,2Yr,0.041598,0.008149,0.046598,2026-07-28,normal
15Yr,2Yr,0.044098,0.008250,0.046598,2026-07-28,normal
15Yr,2Yr,0.046598,0.008369,0.046598,2026-07-28,normal
15Yr,2Yr,0.049098,0.008506,0.046598,2026-07-28,normal
15Yr,2Yr,0.051598,0.008660,0.046598,2026-07-28,normal
15Yr,2Yr,0.056598,0.009008,0.046598,2026-07-28,normal
15Yr,2Yr,0.066598,0.009826,0.046598,2026-07-28,normal
15Yr,5Yr,0.026996,0.007621,0.046996,2026-07-28,normal
15Yr,5Yr,0.036996,0.007739,0.046996,2026-07-28,normal
15Yr,5Yr,0.041996,0.007906,0.046996,2026-07-28,normal
15Yr,5Yr,0.044496,0.008016,0.046996,2026-07-28,normal
15Yr,5Yr,0.046996,0.008142,0.046996,2026-07-28,normal
15Yr,5Yr,0.049496,0.008284,0.046996,2026-07-28,normal
15Yr,5Yr,0.051996,0.008440,0.046996,2026-07-28,normal
15Yr,5Yr,0.056996,0.008787,0.046996,2026-07-28,normal
15Yr,5Yr,0.066996,0.009583,0.046996,2026-07-28,normal
15Yr,10Yr,0.025912,0.007182,0.045912,2026-07-28,normal
15Yr,10Yr,0.035912,0.007406,0.045912,2026-07-28,normal
15Yr,10Yr,0.040912,0.007623,0.045912,2026-07-28,normal
15Yr,10Yr,0.043412,0.007755,0.045912,2026-07-28,normal
15Yr,10Yr,0.045912,0.007903,0.045912,2026-07-28,normal
15Yr,10Yr,0.048412,0.008064,0.045912,2026-07-28,normal
15Yr,10Yr,0.050912,0.008236,0.045912,2026-07-28,normal
15Yr,10Yr,0.055912,0.008609,0.045912,2026-07-28,normal
15Yr,10Yr,0.065912,0.009436,0.045912,2026-07-28,normal
15Yr,15Yr,0.024939,0.006969,0.044939,2026-07-28,normal
15Yr,15Yr,0.034939,0.007167,0.044939,2026-07-28,normal
15Yr,15Yr,0.039939,0.007369,0.044939,2026-07-28,normal
15Yr,15Yr,0.042439,0.007494,0.044939,2026-07-28,normal
15Yr,15Yr,0.044939,0.007634,0.044939,2026-07-28,normal
15Yr,15Yr,0.047439,0.007787,0.044939,2026-07-28,normal
15Yr,15Yr,0.049939,0.007952,0.044939,2026-07-28,normal
15Yr,15Yr,0.054939,0.008310,0.044939,2026-07-28,normal
15Yr,15Yr,0.064939,0.009108,0.044939,2026-07-28,normal
15Yr,20Yr,0.024845,0.006922,0.044845,2026-07-28,normal
15Yr,20Yr,0.034845,0.007110,0.044845,2026-07-28,normal
15Yr,20Yr,0.039845,0.007301,0.044845,2026-07-28,normal
15Yr,20Yr,0.042345,0.007421,0.044845,2026-07-28,normal
15Yr,20Yr,0.044845,0.007554,0.044845,2026-07-28,normal
15Yr,20Yr,0.047345,0.007700,0.044845,2026-07-28,normal
15Yr,20Yr,0.049845,0.007858,0.044845,2026-07-28,normal
15Yr,20Yr,0.054845,0.008203,0.044845,2026-07-28,normal
15Yr,20Yr,0.064845,0.008974,0.044845,2026-07-28,normal
15Yr,30Yr,0.024756,0.006937,0.044756,2026-07-28,normal
15Yr,30Yr,0.034756,0.007056,0.044756,2026-07-28,normal
15Yr,30Yr,0.039756,0.007224,0.044756,2026-07-28,normal
15Yr,30Yr,0.042256,0.007336,0.044756,2026-07-28,normal
15Yr,30Yr,0.044756,0.007465,0.044756,2026-07-28,normal
15Yr,30Yr,0.047256,0.007609,0.044756,2026-07-28,normal
15Yr,30Yr,0.049756,0.007767,0.044756,2026-07-28,normal
15Yr,30Yr,0.054756,0.008119,0.044756,2026-07-28,normal
15Yr,30Yr,0.064756,0.008918,0.044756,2026-07-28,normal
20Yr,1Yr,0.024612,0.007806,0.044612,2026-07-28,normal
20Yr,1Yr,0.034612,0.007899,0.044612,2026-07-28,normal
20Yr,1Yr,0.039612,0.008036,0.044612,2026-07-28,normal
20Yr,1Yr,0.042112,0.008128,0.044612,2026-07-28,normal
20Yr,1Yr,0.044612,0.008235,0.044612,2026-07-28,normal
20Yr,1Yr,0.047112,0.008356,0.044612,2026-07-28,normal
20Yr,1Yr,0.049612,0.008490,0.044612,2026-07-28,normal
20Yr,1Yr,0.054612,0.008794,0.044612,2026-07-28,normal
20Yr,1Yr,0.064612,0.009506,0.044612,2026-07-28,normal
20Yr,2Yr,0.024598,0.007838,0.044598,2026-07-28,normal
20Yr,2Yr,0.034598,0.007869,0.044598,2026-07-28,normal
20Yr,2Yr,0.039598,0.007996,0.044598,2026-07-28,normal
20Yr,2Yr,0.042098,0.008089,0.044598,2026-07-28,normal
20Yr,2Yr,0.044598,0.008201,0.044598,2026-07-28,normal
20Yr,2Yr,0.047098,0.008331,0.044598,2026-07-28,normal
20Yr,2Yr,0.049598,0.008477,0.044598,2026-07-28,normal
20Yr,2Yr,0.054598,0.008812,0.044598,2026-07-28,normal
20Yr,2Yr,0.064598,0.009606,0.044598,2026-07-28,normal
20Yr,5Yr,0.024557,0.007329,0.044557,2026-07-28,normal
20Yr,5Yr,0.034557,0.007477,0.044557,2026-07-28,normal
20Yr,5Yr,0.039557,0.007641,0.044557,2026-07-28,normal
20Yr,5Yr,0.042057,0.007746,0.044557,2026-07-28,normal
20Yr,5Yr,0.044557,0.007865,0.044557,2026-07-28,normal
20Yr,5Yr,0.047057,0.007997,0.044557,2026-07-28,normal
20Yr,5Yr,0.049557,0.008141,0.044557,2026-07-28,normal
20Yr,5Yr,0.054557,0.008459,0.044557,2026-07-28,normal
20Yr,5Yr,0.064557,0.009186,0.044557,2026-07-28,normal
20Yr,10Yr,0.023517,0.006924,0.043517,2026-07-28,normal
20Yr,10Yr,0.033517,0.007176,0.043517,2026-07-28,normal
20Yr,10Yr,0.038517,0.007392,0.043517,2026-07-28,normal
20Yr,10Yr,0.041017,0.007520,0.043517,2026-07-28,normal
20Yr,10Yr,0.043517,0.007661,0.043517,2026-07-28,normal
20Yr,10Yr,0.046017,0.007813,0.043517,2026-07-28,normal
20Yr,10Yr,0.048517,0.007975,0.043517,2026-07-28,normal
20Yr,10Yr,0.053517,0.008324,0.043517,2026-07-28,normal
20Yr,10Yr,0.063517,0.009092,0.043517,2026-07-28,normal
20Yr,15Yr,0.023753,0.006730,0.043753,2026-07-28,normal
20Yr,15Yr,0.033753,0.006936,0.043753,2026-07-28,normal
20Yr,15Yr,0.038753,0.007129,0.043753,2026-07-28,normal
20Yr,15Yr,0.041253,0.007247,0.043753,2026-07-28,normal
20Yr,15Yr,0.043753,0.007378,0.043753,2026-07-28,normal
20Yr,15Yr,0.046253,0.007521,0.043753,2026-07-28,normal
20Yr,15Yr,0.048753,0.007674,0.043753,2026-07-28,normal
20Yr,15Yr,0.053753,0.008008,0.043753,2026-07-28,normal
20Yr,15Yr,0.063753,0.008750,0.043753,2026-07-28,normal
20Yr,20Yr,0.023868,0.006709,0.043868,2026-07-28,normal
20Yr,20Yr,0.033868,0.006887,0.043868,2026-07-28,normal
20Yr,20Yr,0.038868,0.007063,0.043868,2026-07-28,normal
20Yr,20Yr,0.041368,0.007173,0.043868,2026-07-28,normal
20Yr,20Yr,0.043868,0.007295,0.043868,2026-07-28,normal
20Yr,20Yr,0.046368,0.007430,0.043868,2026-07-28,normal
20Yr,20Yr,0.048868,0.007575,0.043868,2026-07-28,normal
20Yr,20Yr,0.053868,0.007893,0.043868,2026-07-28,normal
20Yr,20Yr,0.063868,0.008610,0.043868,2026-07-28,normal
20Yr,30Yr,0.023978,0.006762,0.043978,2026-07-28,normal
20Yr,30Yr,0.033978,0.006876,0.043978,2026-07-28,normal
20Yr,30Yr,0.038978,0.007024,0.043978,2026-07-28,normal
20Yr,30Yr,0.041478,0.007121,0.043978,2026-07-28,normal
20Yr,30Yr,0.043978,0.007233,0.043978,2026-07-28,normal
20Yr,30Yr,0.046478,0.007359,0.043978,2026-07-28,normal
20Yr,30Yr,0.048978,0.007497,0.043978,2026-07-28,normal
20Yr,30Yr,0.053978,0.007806,0.043978,2026-07-28,normal
20Yr,30Yr,0.063978,0.008519,0.043978,2026-07-28,normal
30Yr,1Yr,0.024408,0.007416,0.044408,2026-07-28,normal
30Yr,1Yr,0.034408,0.007420,0.044408,2026-07-28,normal
30Yr,1Yr,0.039408,0.007501,0.044408,2026-07-28,normal
30Yr,1Yr,0.041908,0.007565,0.044408,2026-07-28,normal
30Yr,1Yr,0.044408,0.007643,0.044408,2026-07-28,normal
30Yr,1Yr,0.046908,0.007736,0.044408,2026-07-28,normal
30Yr,1Yr,0.049408,0.007844,0.044408,2026-07-28,normal
30Yr,1Yr,0.054408,0.008098,0.044408,2026-07-28,normal
30Yr,1Yr,0.064408,0.008728,0.044408,2026-07-28,normal
30Yr,2Yr,0.024408,0.007670,0.044408,2026-07-28,normal
30Yr,2Yr,0.034408,0.007639,0.044408,2026-07-28,normal
30Yr,2Yr,0.039408,0.007711,0.044408,2026-07-28,normal
30Yr,2Yr,0.041908,0.007773,0.044408,2026-07-28,normal
30Yr,2Yr,0.044408,0.007852,0.044408,2026-07-28,normal
30Yr,2Yr,0.046908,0.007948,0.044408,2026-07-28,normal
30Yr,2Yr,0.049408,0.008060,0.044408,2026-07-28,normal
30Yr,2Yr,0.054408,0.008328,0.044408,2026-07-28,normal
30Yr,2Yr,0.064408,0.009000,0.044408,2026-07-28,normal
30Yr,5Yr,0.024408,0.006927,0.044408,2026-07-28,normal
30Yr,5Yr,0.034408,0.007026,0.044408,2026-07-28,normal
30Yr,5Yr,0.039408,0.007159,0.044408,2026-07-28,normal
30Yr,5Yr,0.041908,0.007247,0.044408,2026-07-28,normal
30Yr,5Yr,0.044408,0.007350,0.044408,2026-07-28,normal
30Yr,5Yr,0.046908,0.007466,0.044408,2026-07-28,normal
30Yr,5Yr,0.049408,0.007594,0.044408,2026-07-28,normal
30Yr,5Yr,0.054408,0.007883,0.044408,2026-07-28,normal
30Yr,5Yr,0.064408,0.008559,0.044408,2026-07-28,normal
30Yr,10Yr,0.024408,0.006514,0.044408,2026-07-28,normal
30Yr,10Yr,0.034408,0.006662,0.044408,2026-07-28,normal
30Yr,10Yr,0.039408,0.006814,0.044408,2026-07-28,normal
30Yr,10Yr,0.041908,0.006909,0.044408,2026-07-28,normal
30Yr,10Yr,0.044408,0.007017,0.044408,2026-07-28,normal
30Yr,10Yr,0.046908,0.007136,0.044408,2026-07-28,normal
30Yr,10Yr,0.049408,0.007266,0.044408,2026-07-28,normal
30Yr,10Yr,0.054408,0.007554,0.044408,2026-07-28,normal
30Yr,10Yr,0.064408,0.008211,0.044408,2026-07-28,normal
30Yr,15Yr,0.024408,0.006341,0.044408,2026-07-28,normal
30Yr,15Yr,0.034408,0.006456,0.044408,2026-07-28,normal
30Yr,15Yr,0.039408,0.006588,0.044408,2026-07-28,normal
30Yr,15Yr,0.041908,0.006674,0.044408,2026-07-28,normal
30Yr,15Yr,0.044408,0.006772,0.044408,2026-07-28,normal
30Yr,15Yr,0.046908,0.006882,0.044408,2026-07-28,normal
30Yr,15Yr,0.049408,0.007003,0.044408,2026-07-28,normal
30Yr,15Yr,0.054408,0.007273,0.044408,2026-07-28,normal
30Yr,15Yr,0.064408,0.007900,0.044408,2026-07-28,normal
30Yr,20Yr,0.024408,0.006316,0.044408,2026-07-28,normal
30Yr,20Yr,0.034408,0.006426,0.044408,2026-07-28,normal
30Yr,20Yr,0.039408,0.006550,0.044408,2026-07-28,normal
30Yr,20Yr,0.041908,0.006630,0.044408,2026-07-28,normal
30Yr,20Yr,0.044408,0.006722,0.044408,2026-07-28,normal
30Yr,20Yr,0.046908,0.006825,0.044408,2026-07-28,normal
30Yr,20Yr,0.049408,0.006939,0.044408,2026-07-28,normal
30Yr,20Yr,0.054408,0.007195,0.044408,2026-07-28,normal
30Yr,20Yr,0.064408,0.007792,0.044408,2026-07-28,normal
30Yr,30Yr,0.024408,0.006124,0.044408,2026-07-28,normal
30Yr,30Yr,0.034408,0.006324,0.044408,2026-07-28,normal
30Yr,30Yr,0.039408,0.006489,0.044408,2026-07-28,normal
30Yr,30Yr,0.041908,0.006588,0.044408,2026-07-28,normal
30Yr,30Yr,0.044408,0.006697,0.044408,2026-07-28,normal
30Yr,30Yr,0.046908,0.006815,0.044408,2026-07-28,normal
30Yr,30Yr,0.049408,0.006942,0.044408,2026-07-28,normal
30Yr,30Yr,0.054408,0.007218,0.044408,2026-07-28,normal
30Yr,30Yr,0.064408,0.007838,0.044408,2026-07-28,normal
